series,arm,input,sample,source_sha256,input_bytes,elapsed_ms,supervised_ms,engine_ms,outside_engine_ms,peak_tree_rss_bytes,outcome,complete,output_sha256
sequential,baseline,cube-binary.stl,1,57eb7cb449efb43ad80f696e74c3b9a448783498da388242a6189dc1b35be1f4,684,2258.8589929946465,2213.582757,1403,810.5827570000001,249573376,completed,True,6bc4c3f07d1121bdae17a72cfa52013477e42e4431c571188b32c184c07cc0fa
sequential,baseline,cube-binary.stl,2,57eb7cb449efb43ad80f696e74c3b9a448783498da388242a6189dc1b35be1f4,684,2275.23214899702,2272.891075,1453,819.891075,246423552,completed,True,6bc4c3f07d1121bdae17a72cfa52013477e42e4431c571188b32c184c07cc0fa
sequential,baseline,cube-binary.stl,3,57eb7cb449efb43ad80f696e74c3b9a448783498da388242a6189dc1b35be1f4,684,2218.431416011299,2215.832362,1401,814.8323620000001,246939648,completed,True,6bc4c3f07d1121bdae17a72cfa52013477e42e4431c571188b32c184c07cc0fa
sequential,baseline,cube-binary.stl,4,57eb7cb449efb43ad80f696e74c3b9a448783498da388242a6189dc1b35be1f4,684,2181.4230919990223,2179.373351,1398,781.3733510000002,249565184,completed,True,6bc4c3f07d1121bdae17a72cfa52013477e42e4431c571188b32c184c07cc0fa
sequential,baseline,cube-binary.stl,5,57eb7cb449efb43ad80f696e74c3b9a448783498da388242a6189dc1b35be1f4,684,2379.119819001062,2377.10787,1575,802.1078699999998,247717888,completed,True,6bc4c3f07d1121bdae17a72cfa52013477e42e4431c571188b32c184c07cc0fa
sequential,baseline,cube-binary.stl,6,57eb7cb449efb43ad80f696e74c3b9a448783498da388242a6189dc1b35be1f4,684,2170.1717329997336,2167.959158,1396,771.9591580000001,248029184,completed,True,6bc4c3f07d1121bdae17a72cfa52013477e42e4431c571188b32c184c07cc0fa
sequential,baseline,cube-binary.stl,7,57eb7cb449efb43ad80f696e74c3b9a448783498da388242a6189dc1b35be1f4,684,2256.357278994983,2254.045538,1439,815.0455379999999,249868288,completed,True,6bc4c3f07d1121bdae17a72cfa52013477e42e4431c571188b32c184c07cc0fa
sequential,baseline,cube-binary.stl,8,57eb7cb449efb43ad80f696e74c3b9a448783498da388242a6189dc1b35be1f4,684,2453.660934988875,2451.534479,1647,804.5344789999999,247582720,completed,True,6bc4c3f07d1121bdae17a72cfa52013477e42e4431c571188b32c184c07cc0fa
sequential,baseline,cube-binary.stl,9,57eb7cb449efb43ad80f696e74c3b9a448783498da388242a6189dc1b35be1f4,684,2232.0783639879664,2229.990939,1418,811.9909389999998,249790464,completed,True,6bc4c3f07d1121bdae17a72cfa52013477e42e4431c571188b32c184c07cc0fa
sequential,baseline,cube-binary.stl,10,57eb7cb449efb43ad80f696e74c3b9a448783498da388242a6189dc1b35be1f4,684,2255.535588003113,2253.13493,1419,834.1349300000002,249630720,completed,True,6bc4c3f07d1121bdae17a72cfa52013477e42e4431c571188b32c184c07cc0fa
sequential,baseline,cube-binary.stl,11,57eb7cb449efb43ad80f696e74c3b9a448783498da388242a6189dc1b35be1f4,684,2234.241842001211,2232.002596,1427,805.0025959999998,249753600,completed,True,6bc4c3f07d1121bdae17a72cfa52013477e42e4431c571188b32c184c07cc0fa
sequential,baseline,cube-binary.stl,12,57eb7cb449efb43ad80f696e74c3b9a448783498da388242a6189dc1b35be1f4,684,2212.157549991389,2210.082833,1425,785.0828329999999,247431168,completed,True,6bc4c3f07d1121bdae17a72cfa52013477e42e4431c571188b32c184c07cc0fa
sequential,baseline,cube-binary.stl,13,57eb7cb449efb43ad80f696e74c3b9a448783498da388242a6189dc1b35be1f4,684,2434.4831769994926,2432.507515,1519,913.5075149999998,249847808,completed,True,6bc4c3f07d1121bdae17a72cfa52013477e42e4431c571188b32c184c07cc0fa
sequential,baseline,cube-binary.stl,14,57eb7cb449efb43ad80f696e74c3b9a448783498da388242a6189dc1b35be1f4,684,2276.982525989297,2274.530801,1403,871.5308009999999,246976512,completed,True,6bc4c3f07d1121bdae17a72cfa52013477e42e4431c571188b32c184c07cc0fa
sequential,baseline,cube-binary.stl,15,57eb7cb449efb43ad80f696e74c3b9a448783498da388242a6189dc1b35be1f4,684,2283.2011240097927,2281.191347,1438,843.191347,247681024,completed,True,6bc4c3f07d1121bdae17a72cfa52013477e42e4431c571188b32c184c07cc0fa
sequential,baseline,cube-binary.stl,16,57eb7cb449efb43ad80f696e74c3b9a448783498da388242a6189dc1b35be1f4,684,2266.0027090023505,2263.604822,1421,842.6048219999998,249683968,completed,True,6bc4c3f07d1121bdae17a72cfa52013477e42e4431c571188b32c184c07cc0fa
sequential,baseline,cube-binary.stl,17,57eb7cb449efb43ad80f696e74c3b9a448783498da388242a6189dc1b35be1f4,684,2398.905480004032,2396.203787,1462,934.2037869999999,247681024,completed,True,6bc4c3f07d1121bdae17a72cfa52013477e42e4431c571188b32c184c07cc0fa
sequential,baseline,cube-binary.stl,18,57eb7cb449efb43ad80f696e74c3b9a448783498da388242a6189dc1b35be1f4,684,2203.3234859991353,2200.951129,1401,799.951129,246820864,completed,True,6bc4c3f07d1121bdae17a72cfa52013477e42e4431c571188b32c184c07cc0fa
sequential,baseline,cube-binary.stl,19,57eb7cb449efb43ad80f696e74c3b9a448783498da388242a6189dc1b35be1f4,684,2218.192991000251,2215.930117,1413,802.9301169999999,249868288,completed,True,6bc4c3f07d1121bdae17a72cfa52013477e42e4431c571188b32c184c07cc0fa
sequential,baseline,cube-binary.stl,20,57eb7cb449efb43ad80f696e74c3b9a448783498da388242a6189dc1b35be1f4,684,2214.0634459938155,2212.082773,1388,824.0827730000001,249606144,completed,True,6bc4c3f07d1121bdae17a72cfa52013477e42e4431c571188b32c184c07cc0fa
sequential,baseline,cube-binary.stl,21,57eb7cb449efb43ad80f696e74c3b9a448783498da388242a6189dc1b35be1f4,684,2183.1019099918194,2181.167912,1396,785.1679119999999,249876480,completed,True,6bc4c3f07d1121bdae17a72cfa52013477e42e4431c571188b32c184c07cc0fa
sequential,baseline,cube-binary.stl,22,57eb7cb449efb43ad80f696e74c3b9a448783498da388242a6189dc1b35be1f4,684,2336.7162789945723,2334.597108,1475,859.5971079999999,247648256,completed,True,6bc4c3f07d1121bdae17a72cfa52013477e42e4431c571188b32c184c07cc0fa
sequential,baseline,cube-binary.stl,23,57eb7cb449efb43ad80f696e74c3b9a448783498da388242a6189dc1b35be1f4,684,2572.589272996993,2570.532271,1631,939.532271,249929728,completed,True,6bc4c3f07d1121bdae17a72cfa52013477e42e4431c571188b32c184c07cc0fa
sequential,baseline,cube-binary.stl,24,57eb7cb449efb43ad80f696e74c3b9a448783498da388242a6189dc1b35be1f4,684,2183.845894993283,2181.864753,1375,806.8647529999998,249696256,completed,True,6bc4c3f07d1121bdae17a72cfa52013477e42e4431c571188b32c184c07cc0fa
sequential,baseline,cube-binary.stl,25,57eb7cb449efb43ad80f696e74c3b9a448783498da388242a6189dc1b35be1f4,684,2194.9596630001906,2193.072757,1393,800.0727569999999,461352960,completed,True,6bc4c3f07d1121bdae17a72cfa52013477e42e4431c571188b32c184c07cc0fa
sequential,baseline,cube-binary.stl,26,57eb7cb449efb43ad80f696e74c3b9a448783498da388242a6189dc1b35be1f4,684,2240.113339998061,2238.149304,1425,813.149304,247427072,completed,True,6bc4c3f07d1121bdae17a72cfa52013477e42e4431c571188b32c184c07cc0fa
sequential,baseline,cube-binary.stl,27,57eb7cb449efb43ad80f696e74c3b9a448783498da388242a6189dc1b35be1f4,684,2204.082714000833,2201.950948,1416,785.9509480000002,247615488,completed,True,6bc4c3f07d1121bdae17a72cfa52013477e42e4431c571188b32c184c07cc0fa
sequential,baseline,cube-binary.stl,28,57eb7cb449efb43ad80f696e74c3b9a448783498da388242a6189dc1b35be1f4,684,2254.027634000522,2252.061187,1451,801.0611869999998,246808576,completed,True,6bc4c3f07d1121bdae17a72cfa52013477e42e4431c571188b32c184c07cc0fa
sequential,baseline,cube-binary.stl,29,57eb7cb449efb43ad80f696e74c3b9a448783498da388242a6189dc1b35be1f4,684,2204.5167140022386,2202.342584,1390,812.342584,249683968,completed,True,6bc4c3f07d1121bdae17a72cfa52013477e42e4431c571188b32c184c07cc0fa
sequential,baseline,cube-binary.stl,30,57eb7cb449efb43ad80f696e74c3b9a448783498da388242a6189dc1b35be1f4,684,2274.3944579997333,2272.404078,1450,822.404078,247701504,completed,True,6bc4c3f07d1121bdae17a72cfa52013477e42e4431c571188b32c184c07cc0fa
sequential,baseline,cube-mm.3mf,1,2c5266d3f9f5f0367994ac916f1934d5d212cf7d1adf24165c1d930f379121ca,1705,2302.660332992673,2300.516998,1480,820.5169980000001,248991744,completed,True,6bc4c3f07d1121bdae17a72cfa52013477e42e4431c571188b32c184c07cc0fa
sequential,baseline,cube-mm.3mf,2,2c5266d3f9f5f0367994ac916f1934d5d212cf7d1adf24165c1d930f379121ca,1705,2373.4515990072396,2371.305713,1540,831.3057130000002,249733120,completed,True,6bc4c3f07d1121bdae17a72cfa52013477e42e4431c571188b32c184c07cc0fa
sequential,baseline,cube-mm.3mf,3,2c5266d3f9f5f0367994ac916f1934d5d212cf7d1adf24165c1d930f379121ca,1705,2358.899699000176,2356.901234,1498,858.9012339999999,250806272,completed,True,6bc4c3f07d1121bdae17a72cfa52013477e42e4431c571188b32c184c07cc0fa
sequential,baseline,cube-mm.3mf,4,2c5266d3f9f5f0367994ac916f1934d5d212cf7d1adf24165c1d930f379121ca,1705,2299.993528999039,2298.002364,1460,838.002364,250867712,completed,True,6bc4c3f07d1121bdae17a72cfa52013477e42e4431c571188b32c184c07cc0fa
sequential,baseline,cube-mm.3mf,5,2c5266d3f9f5f0367994ac916f1934d5d212cf7d1adf24165c1d930f379121ca,1705,2263.6554390046513,2261.791909,1457,804.791909,251060224,completed,True,6bc4c3f07d1121bdae17a72cfa52013477e42e4431c571188b32c184c07cc0fa
sequential,baseline,cube-mm.3mf,6,2c5266d3f9f5f0367994ac916f1934d5d212cf7d1adf24165c1d930f379121ca,1705,2412.6857860101154,2410.704893,1554,856.7048930000001,251146240,completed,True,6bc4c3f07d1121bdae17a72cfa52013477e42e4431c571188b32c184c07cc0fa
sequential,baseline,cube-mm.3mf,7,2c5266d3f9f5f0367994ac916f1934d5d212cf7d1adf24165c1d930f379121ca,1705,2279.123194006388,2277.161548,1471,806.161548,251121664,completed,True,6bc4c3f07d1121bdae17a72cfa52013477e42e4431c571188b32c184c07cc0fa
sequential,baseline,cube-mm.3mf,8,2c5266d3f9f5f0367994ac916f1934d5d212cf7d1adf24165c1d930f379121ca,1705,2260.877951994189,2258.986558,1428,830.9865580000001,249257984,completed,True,6bc4c3f07d1121bdae17a72cfa52013477e42e4431c571188b32c184c07cc0fa
sequential,baseline,cube-mm.3mf,9,2c5266d3f9f5f0367994ac916f1934d5d212cf7d1adf24165c1d930f379121ca,1705,2257.187557013822,2255.091956,1442,813.0919560000002,250957824,completed,True,6bc4c3f07d1121bdae17a72cfa52013477e42e4431c571188b32c184c07cc0fa
sequential,baseline,cube-mm.3mf,10,2c5266d3f9f5f0367994ac916f1934d5d212cf7d1adf24165c1d930f379121ca,1705,2512.4250759981805,2510.053832,1526,984.053832,250900480,completed,True,6bc4c3f07d1121bdae17a72cfa52013477e42e4431c571188b32c184c07cc0fa
sequential,baseline,cube-mm.3mf,11,2c5266d3f9f5f0367994ac916f1934d5d212cf7d1adf24165c1d930f379121ca,1705,2387.5521949958056,2385.271264,1524,861.271264,251052032,completed,True,6bc4c3f07d1121bdae17a72cfa52013477e42e4431c571188b32c184c07cc0fa
sequential,baseline,cube-mm.3mf,12,2c5266d3f9f5f0367994ac916f1934d5d212cf7d1adf24165c1d930f379121ca,1705,2282.5611919979565,2280.601568,1448,832.601568,251174912,completed,True,6bc4c3f07d1121bdae17a72cfa52013477e42e4431c571188b32c184c07cc0fa
sequential,baseline,cube-mm.3mf,13,2c5266d3f9f5f0367994ac916f1934d5d212cf7d1adf24165c1d930f379121ca,1705,2340.812335998635,2338.797087,1494,844.7970869999999,250355712,completed,True,6bc4c3f07d1121bdae17a72cfa52013477e42e4431c571188b32c184c07cc0fa
sequential,baseline,cube-mm.3mf,14,2c5266d3f9f5f0367994ac916f1934d5d212cf7d1adf24165c1d930f379121ca,1705,2388.099597999826,2385.800759,1514,871.8007590000002,251142144,completed,True,6bc4c3f07d1121bdae17a72cfa52013477e42e4431c571188b32c184c07cc0fa
sequential,baseline,cube-mm.3mf,15,2c5266d3f9f5f0367994ac916f1934d5d212cf7d1adf24165c1d930f379121ca,1705,2923.060771994642,2920.684105,1921,999.6841049999998,251052032,completed,True,6bc4c3f07d1121bdae17a72cfa52013477e42e4431c571188b32c184c07cc0fa
sequential,baseline,cube-mm.3mf,16,2c5266d3f9f5f0367994ac916f1934d5d212cf7d1adf24165c1d930f379121ca,1705,2745.862493000459,2742.77463,1703,1039.77463,247963648,completed,True,6bc4c3f07d1121bdae17a72cfa52013477e42e4431c571188b32c184c07cc0fa
sequential,baseline,cube-mm.3mf,17,2c5266d3f9f5f0367994ac916f1934d5d212cf7d1adf24165c1d930f379121ca,1705,2389.5874049921986,2387.590975,1488,899.5909750000001,247922688,completed,True,6bc4c3f07d1121bdae17a72cfa52013477e42e4431c571188b32c184c07cc0fa
sequential,baseline,cube-mm.3mf,18,2c5266d3f9f5f0367994ac916f1934d5d212cf7d1adf24165c1d930f379121ca,1705,2711.3845069980016,2709.197509,1759,950.1975090000001,251121664,completed,True,6bc4c3f07d1121bdae17a72cfa52013477e42e4431c571188b32c184c07cc0fa
sequential,baseline,cube-mm.3mf,19,2c5266d3f9f5f0367994ac916f1934d5d212cf7d1adf24165c1d930f379121ca,1705,3156.773382012034,3154.269605,2181,973.269605,251006976,completed,True,6bc4c3f07d1121bdae17a72cfa52013477e42e4431c571188b32c184c07cc0fa
sequential,baseline,cube-mm.3mf,20,2c5266d3f9f5f0367994ac916f1934d5d212cf7d1adf24165c1d930f379121ca,1705,2451.8720299965935,2449.181988,1600,849.1819879999998,248209408,completed,True,6bc4c3f07d1121bdae17a72cfa52013477e42e4431c571188b32c184c07cc0fa
sequential,baseline,cube-mm.3mf,21,2c5266d3f9f5f0367994ac916f1934d5d212cf7d1adf24165c1d930f379121ca,1705,2614.6155250025913,2611.173231,1664,947.1732310000002,251023360,completed,True,6bc4c3f07d1121bdae17a72cfa52013477e42e4431c571188b32c184c07cc0fa
sequential,baseline,cube-mm.3mf,22,2c5266d3f9f5f0367994ac916f1934d5d212cf7d1adf24165c1d930f379121ca,1705,2567.357570005697,2563.818263,1632,931.8182630000001,251056128,completed,True,6bc4c3f07d1121bdae17a72cfa52013477e42e4431c571188b32c184c07cc0fa
sequential,baseline,cube-mm.3mf,23,2c5266d3f9f5f0367994ac916f1934d5d212cf7d1adf24165c1d930f379121ca,1705,2572.648109009606,2570.646716,1657,913.6467160000002,248332288,completed,True,6bc4c3f07d1121bdae17a72cfa52013477e42e4431c571188b32c184c07cc0fa
sequential,baseline,cube-mm.3mf,24,2c5266d3f9f5f0367994ac916f1934d5d212cf7d1adf24165c1d930f379121ca,1705,2574.8097320029046,2572.631212,1692,880.6312119999998,250863616,completed,True,6bc4c3f07d1121bdae17a72cfa52013477e42e4431c571188b32c184c07cc0fa
sequential,baseline,cube-mm.3mf,25,2c5266d3f9f5f0367994ac916f1934d5d212cf7d1adf24165c1d930f379121ca,1705,2404.803568002535,2402.654905,1545,857.6549049999999,250814464,completed,True,6bc4c3f07d1121bdae17a72cfa52013477e42e4431c571188b32c184c07cc0fa
sequential,baseline,cube-mm.3mf,26,2c5266d3f9f5f0367994ac916f1934d5d212cf7d1adf24165c1d930f379121ca,1705,2379.882118999376,2377.766541,1480,897.766541,250900480,completed,True,6bc4c3f07d1121bdae17a72cfa52013477e42e4431c571188b32c184c07cc0fa
sequential,baseline,cube-mm.3mf,27,2c5266d3f9f5f0367994ac916f1934d5d212cf7d1adf24165c1d930f379121ca,1705,2658.9038169913692,2656.846749,1654,1002.8467489999998,249176064,completed,True,6bc4c3f07d1121bdae17a72cfa52013477e42e4431c571188b32c184c07cc0fa
sequential,baseline,cube-mm.3mf,28,2c5266d3f9f5f0367994ac916f1934d5d212cf7d1adf24165c1d930f379121ca,1705,2377.060406986857,2375.083942,1543,832.0839420000002,248025088,completed,True,6bc4c3f07d1121bdae17a72cfa52013477e42e4431c571188b32c184c07cc0fa
sequential,baseline,cube-mm.3mf,29,2c5266d3f9f5f0367994ac916f1934d5d212cf7d1adf24165c1d930f379121ca,1705,2609.43786300777,2607.215265,1601,1006.2152649999998,251080704,completed,True,6bc4c3f07d1121bdae17a72cfa52013477e42e4431c571188b32c184c07cc0fa
sequential,baseline,cube-mm.3mf,30,2c5266d3f9f5f0367994ac916f1934d5d212cf7d1adf24165c1d930f379121ca,1705,2263.0925639969064,2260.522867,1439,821.5228670000001,251080704,completed,True,6bc4c3f07d1121bdae17a72cfa52013477e42e4431c571188b32c184c07cc0fa
sequential,metrics-only,cube-mm.3mf,1,2c5266d3f9f5f0367994ac916f1934d5d212cf7d1adf24165c1d930f379121ca,1705,2507.6383349951357,2422.160848,1468,954.160848,249262080,completed,True,6bc4c3f07d1121bdae17a72cfa52013477e42e4431c571188b32c184c07cc0fa
sequential,metrics-only,cube-mm.3mf,2,2c5266d3f9f5f0367994ac916f1934d5d212cf7d1adf24165c1d930f379121ca,1705,2276.0946080088615,2272.833131,1468,804.8331309999999,247189504,completed,True,6bc4c3f07d1121bdae17a72cfa52013477e42e4431c571188b32c184c07cc0fa
sequential,metrics-only,cube-mm.3mf,3,2c5266d3f9f5f0367994ac916f1934d5d212cf7d1adf24165c1d930f379121ca,1705,2210.803868001676,2208.576639,1437,771.5766389999999,249327616,completed,True,6bc4c3f07d1121bdae17a72cfa52013477e42e4431c571188b32c184c07cc0fa
sequential,metrics-only,cube-mm.3mf,4,2c5266d3f9f5f0367994ac916f1934d5d212cf7d1adf24165c1d930f379121ca,1705,2263.594923002529,2261.049848,1468,793.0498480000001,249356288,completed,True,6bc4c3f07d1121bdae17a72cfa52013477e42e4431c571188b32c184c07cc0fa
sequential,metrics-only,cube-mm.3mf,5,2c5266d3f9f5f0367994ac916f1934d5d212cf7d1adf24165c1d930f379121ca,1705,2302.048030993319,2299.885055,1523,776.8850550000002,247513088,completed,True,6bc4c3f07d1121bdae17a72cfa52013477e42e4431c571188b32c184c07cc0fa
sequential,metrics-only,cube-mm.3mf,6,2c5266d3f9f5f0367994ac916f1934d5d212cf7d1adf24165c1d930f379121ca,1705,2259.87298200198,2257.693011,1478,779.6930109999998,246947840,completed,True,6bc4c3f07d1121bdae17a72cfa52013477e42e4431c571188b32c184c07cc0fa
sequential,metrics-only,cube-mm.3mf,7,2c5266d3f9f5f0367994ac916f1934d5d212cf7d1adf24165c1d930f379121ca,1705,2331.604326987872,2329.613282,1541,788.6132819999998,249180160,completed,True,6bc4c3f07d1121bdae17a72cfa52013477e42e4431c571188b32c184c07cc0fa
sequential,metrics-only,cube-mm.3mf,8,2c5266d3f9f5f0367994ac916f1934d5d212cf7d1adf24165c1d930f379121ca,1705,2416.6190329997335,2414.216331,1499,915.2163310000001,246272000,completed,True,6bc4c3f07d1121bdae17a72cfa52013477e42e4431c571188b32c184c07cc0fa
sequential,metrics-only,cube-mm.3mf,9,2c5266d3f9f5f0367994ac916f1934d5d212cf7d1adf24165c1d930f379121ca,1705,2607.4741659977008,2604.646179,1623,981.6461789999998,249176064,completed,True,6bc4c3f07d1121bdae17a72cfa52013477e42e4431c571188b32c184c07cc0fa
sequential,metrics-only,cube-mm.3mf,10,2c5266d3f9f5f0367994ac916f1934d5d212cf7d1adf24165c1d930f379121ca,1705,3729.5528140093666,2504.367201,1495,1009.367201,247504896,completed,True,6bc4c3f07d1121bdae17a72cfa52013477e42e4431c571188b32c184c07cc0fa
sequential,metrics-only,cube-mm.3mf,11,2c5266d3f9f5f0367994ac916f1934d5d212cf7d1adf24165c1d930f379121ca,1705,2680.8162669913145,2678.446317,1824,854.4463169999999,246284288,completed,True,6bc4c3f07d1121bdae17a72cfa52013477e42e4431c571188b32c184c07cc0fa
sequential,metrics-only,cube-mm.3mf,12,2c5266d3f9f5f0367994ac916f1934d5d212cf7d1adf24165c1d930f379121ca,1705,2487.6372440048726,2485.35241,1577,908.35241,246218752,completed,True,6bc4c3f07d1121bdae17a72cfa52013477e42e4431c571188b32c184c07cc0fa
sequential,metrics-only,cube-mm.3mf,13,2c5266d3f9f5f0367994ac916f1934d5d212cf7d1adf24165c1d930f379121ca,1705,2481.362798003829,2479.255041,1533,946.2550409999999,249229312,completed,True,6bc4c3f07d1121bdae17a72cfa52013477e42e4431c571188b32c184c07cc0fa
sequential,metrics-only,cube-mm.3mf,14,2c5266d3f9f5f0367994ac916f1934d5d212cf7d1adf24165c1d930f379121ca,1705,2630.103061994305,2627.537548,1607,1020.5375479999998,249266176,completed,True,6bc4c3f07d1121bdae17a72cfa52013477e42e4431c571188b32c184c07cc0fa
sequential,metrics-only,cube-mm.3mf,15,2c5266d3f9f5f0367994ac916f1934d5d212cf7d1adf24165c1d930f379121ca,1705,3243.688265007222,3240.58207,2221,1019.5820699999999,246935552,completed,True,6bc4c3f07d1121bdae17a72cfa52013477e42e4431c571188b32c184c07cc0fa
sequential,metrics-only,cube-mm.3mf,16,2c5266d3f9f5f0367994ac916f1934d5d212cf7d1adf24165c1d930f379121ca,1705,2758.7565400026506,2756.287551,1791,965.2875509999999,249401344,completed,True,6bc4c3f07d1121bdae17a72cfa52013477e42e4431c571188b32c184c07cc0fa
sequential,metrics-only,cube-mm.3mf,17,2c5266d3f9f5f0367994ac916f1934d5d212cf7d1adf24165c1d930f379121ca,1705,2586.9104960002005,2583.996401,1711,872.9964009999999,249270272,completed,True,6bc4c3f07d1121bdae17a72cfa52013477e42e4431c571188b32c184c07cc0fa
sequential,metrics-only,cube-mm.3mf,18,2c5266d3f9f5f0367994ac916f1934d5d212cf7d1adf24165c1d930f379121ca,1705,2342.44698099792,2340.316983,1513,827.3169830000002,249180160,completed,True,6bc4c3f07d1121bdae17a72cfa52013477e42e4431c571188b32c184c07cc0fa
sequential,metrics-only,cube-mm.3mf,19,2c5266d3f9f5f0367994ac916f1934d5d212cf7d1adf24165c1d930f379121ca,1705,2362.432772992179,2360.140289,1519,841.1402889999999,249466880,completed,True,6bc4c3f07d1121bdae17a72cfa52013477e42e4431c571188b32c184c07cc0fa
sequential,metrics-only,cube-mm.3mf,20,2c5266d3f9f5f0367994ac916f1934d5d212cf7d1adf24165c1d930f379121ca,1705,2299.5296559965936,2297.373858,1506,791.3738579999999,246992896,completed,True,6bc4c3f07d1121bdae17a72cfa52013477e42e4431c571188b32c184c07cc0fa
sequential,metrics-only,cube-mm.3mf,21,2c5266d3f9f5f0367994ac916f1934d5d212cf7d1adf24165c1d930f379121ca,1705,2386.043296995922,2383.850322,1541,842.8503219999998,247480320,completed,True,6bc4c3f07d1121bdae17a72cfa52013477e42e4431c571188b32c184c07cc0fa
sequential,metrics-only,cube-mm.3mf,22,2c5266d3f9f5f0367994ac916f1934d5d212cf7d1adf24165c1d930f379121ca,1705,2233.671472989954,2231.724743,1450,781.7247430000002,249307136,completed,True,6bc4c3f07d1121bdae17a72cfa52013477e42e4431c571188b32c184c07cc0fa
sequential,metrics-only,cube-mm.3mf,23,2c5266d3f9f5f0367994ac916f1934d5d212cf7d1adf24165c1d930f379121ca,1705,2296.0498800093774,2294.044834,1514,780.0448339999998,247533568,completed,True,6bc4c3f07d1121bdae17a72cfa52013477e42e4431c571188b32c184c07cc0fa
sequential,metrics-only,cube-mm.3mf,24,2c5266d3f9f5f0367994ac916f1934d5d212cf7d1adf24165c1d930f379121ca,1705,2461.275615001796,2459.210939,1581,878.210939,249200640,completed,True,6bc4c3f07d1121bdae17a72cfa52013477e42e4431c571188b32c184c07cc0fa
sequential,metrics-only,cube-mm.3mf,25,2c5266d3f9f5f0367994ac916f1934d5d212cf7d1adf24165c1d930f379121ca,1705,2238.1034299905878,2236.154517,1409,827.1545169999999,246550528,completed,True,6bc4c3f07d1121bdae17a72cfa52013477e42e4431c571188b32c184c07cc0fa
sequential,metrics-only,cube-mm.3mf,26,2c5266d3f9f5f0367994ac916f1934d5d212cf7d1adf24165c1d930f379121ca,1705,2238.4665249992395,2236.347339,1464,772.3473389999999,249286656,completed,True,6bc4c3f07d1121bdae17a72cfa52013477e42e4431c571188b32c184c07cc0fa
sequential,metrics-only,cube-mm.3mf,27,2c5266d3f9f5f0367994ac916f1934d5d212cf7d1adf24165c1d930f379121ca,1705,2268.551489993115,2266.335485,1475,791.3354850000001,249118720,completed,True,6bc4c3f07d1121bdae17a72cfa52013477e42e4431c571188b32c184c07cc0fa
sequential,metrics-only,cube-mm.3mf,28,2c5266d3f9f5f0367994ac916f1934d5d212cf7d1adf24165c1d930f379121ca,1705,2209.972658994957,2207.9505,1449,758.9504999999999,247001088,completed,True,6bc4c3f07d1121bdae17a72cfa52013477e42e4431c571188b32c184c07cc0fa
sequential,metrics-only,cube-mm.3mf,29,2c5266d3f9f5f0367994ac916f1934d5d212cf7d1adf24165c1d930f379121ca,1705,2173.6549850029405,2171.683262,1424,747.683262,249163776,completed,True,6bc4c3f07d1121bdae17a72cfa52013477e42e4431c571188b32c184c07cc0fa
sequential,metrics-only,cube-mm.3mf,30,2c5266d3f9f5f0367994ac916f1934d5d212cf7d1adf24165c1d930f379121ca,1705,2200.2773770072963,2198.262306,1445,753.2623060000001,249286656,completed,True,6bc4c3f07d1121bdae17a72cfa52013477e42e4431c571188b32c184c07cc0fa
sequential,metrics-only,cube-binary.stl,1,57eb7cb449efb43ad80f696e74c3b9a448783498da388242a6189dc1b35be1f4,684,2169.4936899875756,2167.420405,1388,779.4204049999998,245985280,completed,True,6bc4c3f07d1121bdae17a72cfa52013477e42e4431c571188b32c184c07cc0fa
sequential,metrics-only,cube-binary.stl,2,57eb7cb449efb43ad80f696e74c3b9a448783498da388242a6189dc1b35be1f4,684,2262.0739529957063,2260.026714,1444,816.0267140000001,246013952,completed,True,6bc4c3f07d1121bdae17a72cfa52013477e42e4431c571188b32c184c07cc0fa
sequential,metrics-only,cube-binary.stl,3,57eb7cb449efb43ad80f696e74c3b9a448783498da388242a6189dc1b35be1f4,684,2251.3144749973435,2249.251273,1450,799.2512729999999,247832576,completed,True,6bc4c3f07d1121bdae17a72cfa52013477e42e4431c571188b32c184c07cc0fa
sequential,metrics-only,cube-binary.stl,4,57eb7cb449efb43ad80f696e74c3b9a448783498da388242a6189dc1b35be1f4,684,2147.291214991128,2145.145885,1380,765.1458849999999,246280192,completed,True,6bc4c3f07d1121bdae17a72cfa52013477e42e4431c571188b32c184c07cc0fa
sequential,metrics-only,cube-binary.stl,5,57eb7cb449efb43ad80f696e74c3b9a448783498da388242a6189dc1b35be1f4,684,2133.762993995333,2131.595447,1366,765.5954470000001,245014528,completed,True,6bc4c3f07d1121bdae17a72cfa52013477e42e4431c571188b32c184c07cc0fa
sequential,metrics-only,cube-binary.stl,6,57eb7cb449efb43ad80f696e74c3b9a448783498da388242a6189dc1b35be1f4,684,2111.128438002197,2109.185934,1355,754.1859340000001,246226944,completed,True,6bc4c3f07d1121bdae17a72cfa52013477e42e4431c571188b32c184c07cc0fa
sequential,metrics-only,cube-binary.stl,7,57eb7cb449efb43ad80f696e74c3b9a448783498da388242a6189dc1b35be1f4,684,2107.2958750010002,2105.210137,1354,751.210137,246136832,completed,True,6bc4c3f07d1121bdae17a72cfa52013477e42e4431c571188b32c184c07cc0fa
sequential,metrics-only,cube-binary.stl,8,57eb7cb449efb43ad80f696e74c3b9a448783498da388242a6189dc1b35be1f4,684,2143.8474109891104,2141.934632,1377,764.934632,247988224,completed,True,6bc4c3f07d1121bdae17a72cfa52013477e42e4431c571188b32c184c07cc0fa
sequential,metrics-only,cube-binary.stl,9,57eb7cb449efb43ad80f696e74c3b9a448783498da388242a6189dc1b35be1f4,684,2083.064865990309,2080.972337,1339,741.9723370000002,246312960,completed,True,6bc4c3f07d1121bdae17a72cfa52013477e42e4431c571188b32c184c07cc0fa
sequential,metrics-only,cube-binary.stl,10,57eb7cb449efb43ad80f696e74c3b9a448783498da388242a6189dc1b35be1f4,684,2082.070810996811,2080.165966,1341,739.165966,246284288,completed,True,6bc4c3f07d1121bdae17a72cfa52013477e42e4431c571188b32c184c07cc0fa
sequential,metrics-only,cube-binary.stl,11,57eb7cb449efb43ad80f696e74c3b9a448783498da388242a6189dc1b35be1f4,684,2128.7199200014584,2126.178658,1374,752.1786579999998,247750656,completed,True,6bc4c3f07d1121bdae17a72cfa52013477e42e4431c571188b32c184c07cc0fa
sequential,metrics-only,cube-binary.stl,12,57eb7cb449efb43ad80f696e74c3b9a448783498da388242a6189dc1b35be1f4,684,2108.2450639951276,2106.28966,1370,736.2896599999999,247861248,completed,True,6bc4c3f07d1121bdae17a72cfa52013477e42e4431c571188b32c184c07cc0fa
sequential,metrics-only,cube-binary.stl,13,57eb7cb449efb43ad80f696e74c3b9a448783498da388242a6189dc1b35be1f4,684,2155.7011010008864,2153.751927,1399,754.7519269999998,247922688,completed,True,6bc4c3f07d1121bdae17a72cfa52013477e42e4431c571188b32c184c07cc0fa
sequential,metrics-only,cube-binary.stl,14,57eb7cb449efb43ad80f696e74c3b9a448783498da388242a6189dc1b35be1f4,684,2289.54812498705,2287.006494,1468,819.0064940000002,247812096,completed,True,6bc4c3f07d1121bdae17a72cfa52013477e42e4431c571188b32c184c07cc0fa
sequential,metrics-only,cube-binary.stl,15,57eb7cb449efb43ad80f696e74c3b9a448783498da388242a6189dc1b35be1f4,684,2313.3818639907986,2310.192632,1526,784.1926319999998,244948992,completed,True,6bc4c3f07d1121bdae17a72cfa52013477e42e4431c571188b32c184c07cc0fa
sequential,metrics-only,cube-binary.stl,16,57eb7cb449efb43ad80f696e74c3b9a448783498da388242a6189dc1b35be1f4,684,2148.703190992819,2146.563032,1392,754.563032,244912128,completed,True,6bc4c3f07d1121bdae17a72cfa52013477e42e4431c571188b32c184c07cc0fa
sequential,metrics-only,cube-binary.stl,17,57eb7cb449efb43ad80f696e74c3b9a448783498da388242a6189dc1b35be1f4,684,2230.152988995542,2227.785693,1427,800.7856929999998,245493760,completed,True,6bc4c3f07d1121bdae17a72cfa52013477e42e4431c571188b32c184c07cc0fa
sequential,metrics-only,cube-binary.stl,18,57eb7cb449efb43ad80f696e74c3b9a448783498da388242a6189dc1b35be1f4,684,2176.770942998701,2174.614084,1413,761.6140839999998,244961280,completed,True,6bc4c3f07d1121bdae17a72cfa52013477e42e4431c571188b32c184c07cc0fa
sequential,metrics-only,cube-binary.stl,19,57eb7cb449efb43ad80f696e74c3b9a448783498da388242a6189dc1b35be1f4,684,2113.5007410048274,2111.380683,1366,745.3806829999999,244736000,completed,True,6bc4c3f07d1121bdae17a72cfa52013477e42e4431c571188b32c184c07cc0fa
sequential,metrics-only,cube-binary.stl,20,57eb7cb449efb43ad80f696e74c3b9a448783498da388242a6189dc1b35be1f4,684,2123.5943820065586,2121.424416,1368,753.4244159999998,247910400,completed,True,6bc4c3f07d1121bdae17a72cfa52013477e42e4431c571188b32c184c07cc0fa
sequential,metrics-only,cube-binary.stl,21,57eb7cb449efb43ad80f696e74c3b9a448783498da388242a6189dc1b35be1f4,684,2115.3379829920596,2113.157828,1366,747.1578279999999,246243328,completed,True,6bc4c3f07d1121bdae17a72cfa52013477e42e4431c571188b32c184c07cc0fa
sequential,metrics-only,cube-binary.stl,22,57eb7cb449efb43ad80f696e74c3b9a448783498da388242a6189dc1b35be1f4,684,2115.7089629996335,2113.784062,1366,747.7840620000002,244781056,completed,True,6bc4c3f07d1121bdae17a72cfa52013477e42e4431c571188b32c184c07cc0fa
sequential,metrics-only,cube-binary.stl,23,57eb7cb449efb43ad80f696e74c3b9a448783498da388242a6189dc1b35be1f4,684,2074.699884004076,2072.702148,1332,740.7021479999999,246104064,completed,True,6bc4c3f07d1121bdae17a72cfa52013477e42e4431c571188b32c184c07cc0fa
sequential,metrics-only,cube-binary.stl,24,57eb7cb449efb43ad80f696e74c3b9a448783498da388242a6189dc1b35be1f4,684,2205.509033999988,2203.53541,1458,745.53541,246075392,completed,True,6bc4c3f07d1121bdae17a72cfa52013477e42e4431c571188b32c184c07cc0fa
sequential,metrics-only,cube-binary.stl,25,57eb7cb449efb43ad80f696e74c3b9a448783498da388242a6189dc1b35be1f4,684,2207.689565999317,2205.599396,1388,817.5993960000001,247726080,completed,True,6bc4c3f07d1121bdae17a72cfa52013477e42e4431c571188b32c184c07cc0fa
sequential,metrics-only,cube-binary.stl,26,57eb7cb449efb43ad80f696e74c3b9a448783498da388242a6189dc1b35be1f4,684,2097.4666270049056,2095.295856,1339,756.2958560000002,247574528,completed,True,6bc4c3f07d1121bdae17a72cfa52013477e42e4431c571188b32c184c07cc0fa
sequential,metrics-only,cube-binary.stl,27,57eb7cb449efb43ad80f696e74c3b9a448783498da388242a6189dc1b35be1f4,684,2064.087369988556,2062.084884,1330,732.0848839999999,247840768,completed,True,6bc4c3f07d1121bdae17a72cfa52013477e42e4431c571188b32c184c07cc0fa
sequential,metrics-only,cube-binary.stl,28,57eb7cb449efb43ad80f696e74c3b9a448783498da388242a6189dc1b35be1f4,684,2149.613860005047,2147.690253,1391,756.6902530000002,244850688,completed,True,6bc4c3f07d1121bdae17a72cfa52013477e42e4431c571188b32c184c07cc0fa
sequential,metrics-only,cube-binary.stl,29,57eb7cb449efb43ad80f696e74c3b9a448783498da388242a6189dc1b35be1f4,684,2196.142112996313,2194.187147,1407,787.1871470000001,247963648,completed,True,6bc4c3f07d1121bdae17a72cfa52013477e42e4431c571188b32c184c07cc0fa
sequential,metrics-only,cube-binary.stl,30,57eb7cb449efb43ad80f696e74c3b9a448783498da388242a6189dc1b35be1f4,684,2160.063472998445,2158.11296,1395,763.1129599999999,247894016,completed,True,6bc4c3f07d1121bdae17a72cfa52013477e42e4431c571188b32c184c07cc0fa
sequential,candidate,cube-binary.stl,1,57eb7cb449efb43ad80f696e74c3b9a448783498da388242a6189dc1b35be1f4,684,2013.1419079989428,1955.191105,1368,587.1911050000001,233435136,completed,True,6bc4c3f07d1121bdae17a72cfa52013477e42e4431c571188b32c184c07cc0fa
sequential,candidate,cube-binary.stl,2,57eb7cb449efb43ad80f696e74c3b9a448783498da388242a6189dc1b35be1f4,684,1935.2989239996532,1932.900441,1355,577.900441,232198144,completed,True,6bc4c3f07d1121bdae17a72cfa52013477e42e4431c571188b32c184c07cc0fa
sequential,candidate,cube-binary.stl,3,57eb7cb449efb43ad80f696e74c3b9a448783498da388242a6189dc1b35be1f4,684,1958.550593990367,1956.130327,1382,574.1303270000001,235237376,completed,True,6bc4c3f07d1121bdae17a72cfa52013477e42e4431c571188b32c184c07cc0fa
sequential,candidate,cube-binary.stl,4,57eb7cb449efb43ad80f696e74c3b9a448783498da388242a6189dc1b35be1f4,684,1948.0768350040307,1945.668432,1367,578.6684319999999,232288256,completed,True,6bc4c3f07d1121bdae17a72cfa52013477e42e4431c571188b32c184c07cc0fa
sequential,candidate,cube-binary.stl,5,57eb7cb449efb43ad80f696e74c3b9a448783498da388242a6189dc1b35be1f4,684,1942.6598120044218,1940.690121,1363,577.6901210000001,233476096,completed,True,6bc4c3f07d1121bdae17a72cfa52013477e42e4431c571188b32c184c07cc0fa
sequential,candidate,cube-binary.stl,6,57eb7cb449efb43ad80f696e74c3b9a448783498da388242a6189dc1b35be1f4,684,2275.521530988044,2273.378281,1649,624.3782809999998,235229184,completed,True,6bc4c3f07d1121bdae17a72cfa52013477e42e4431c571188b32c184c07cc0fa
sequential,candidate,cube-binary.stl,7,57eb7cb449efb43ad80f696e74c3b9a448783498da388242a6189dc1b35be1f4,684,2309.4930259976536,2307.163964,1682,625.1639639999999,232669184,completed,True,6bc4c3f07d1121bdae17a72cfa52013477e42e4431c571188b32c184c07cc0fa
sequential,candidate,cube-binary.stl,8,57eb7cb449efb43ad80f696e74c3b9a448783498da388242a6189dc1b35be1f4,684,2029.9321430065902,2027.971219,1451,576.971219,234913792,completed,True,6bc4c3f07d1121bdae17a72cfa52013477e42e4431c571188b32c184c07cc0fa
sequential,candidate,cube-binary.stl,9,57eb7cb449efb43ad80f696e74c3b9a448783498da388242a6189dc1b35be1f4,684,1962.5252050027484,1960.528341,1381,579.528341,233242624,completed,True,6bc4c3f07d1121bdae17a72cfa52013477e42e4431c571188b32c184c07cc0fa
sequential,candidate,cube-binary.stl,10,57eb7cb449efb43ad80f696e74c3b9a448783498da388242a6189dc1b35be1f4,684,1835.9789270034526,1834.096181,1295,539.0961809999999,233832448,completed,True,6bc4c3f07d1121bdae17a72cfa52013477e42e4431c571188b32c184c07cc0fa
sequential,candidate,cube-binary.stl,11,57eb7cb449efb43ad80f696e74c3b9a448783498da388242a6189dc1b35be1f4,684,1852.0942059985828,1850.247449,1307,543.247449,235167744,completed,True,6bc4c3f07d1121bdae17a72cfa52013477e42e4431c571188b32c184c07cc0fa
sequential,candidate,cube-binary.stl,12,57eb7cb449efb43ad80f696e74c3b9a448783498da388242a6189dc1b35be1f4,684,1861.2816240056418,1859.278851,1315,544.278851,235151360,completed,True,6bc4c3f07d1121bdae17a72cfa52013477e42e4431c571188b32c184c07cc0fa
sequential,candidate,cube-binary.stl,13,57eb7cb449efb43ad80f696e74c3b9a448783498da388242a6189dc1b35be1f4,684,3974.5843959972262,1899.783986,1331,568.7839859999999,235311104,completed,True,6bc4c3f07d1121bdae17a72cfa52013477e42e4431c571188b32c184c07cc0fa
sequential,candidate,cube-binary.stl,14,57eb7cb449efb43ad80f696e74c3b9a448783498da388242a6189dc1b35be1f4,684,1905.0419709965354,1903.024751,1344,559.0247509999999,232837120,completed,True,6bc4c3f07d1121bdae17a72cfa52013477e42e4431c571188b32c184c07cc0fa
sequential,candidate,cube-binary.stl,15,57eb7cb449efb43ad80f696e74c3b9a448783498da388242a6189dc1b35be1f4,684,1888.454398009344,1886.427347,1341,545.427347,233238528,completed,True,6bc4c3f07d1121bdae17a72cfa52013477e42e4431c571188b32c184c07cc0fa
sequential,candidate,cube-binary.stl,16,57eb7cb449efb43ad80f696e74c3b9a448783498da388242a6189dc1b35be1f4,684,1923.88953299087,1921.853674,1348,573.853674,235212800,completed,True,6bc4c3f07d1121bdae17a72cfa52013477e42e4431c571188b32c184c07cc0fa
sequential,candidate,cube-binary.stl,17,57eb7cb449efb43ad80f696e74c3b9a448783498da388242a6189dc1b35be1f4,684,1981.7801070021233,1979.504561,1404,575.504561,234909696,completed,True,6bc4c3f07d1121bdae17a72cfa52013477e42e4431c571188b32c184c07cc0fa
sequential,candidate,cube-binary.stl,18,57eb7cb449efb43ad80f696e74c3b9a448783498da388242a6189dc1b35be1f4,684,2121.1149229930015,2119.007176,1537,582.0071760000001,235290624,completed,True,6bc4c3f07d1121bdae17a72cfa52013477e42e4431c571188b32c184c07cc0fa
sequential,candidate,cube-binary.stl,19,57eb7cb449efb43ad80f696e74c3b9a448783498da388242a6189dc1b35be1f4,684,2029.6998749981867,2027.667333,1425,602.6673330000001,235016192,completed,True,6bc4c3f07d1121bdae17a72cfa52013477e42e4431c571188b32c184c07cc0fa
sequential,candidate,cube-binary.stl,20,57eb7cb449efb43ad80f696e74c3b9a448783498da388242a6189dc1b35be1f4,684,2269.1224580048583,2266.276227,1498,768.2762269999998,235110400,completed,True,6bc4c3f07d1121bdae17a72cfa52013477e42e4431c571188b32c184c07cc0fa
sequential,candidate,cube-binary.stl,21,57eb7cb449efb43ad80f696e74c3b9a448783498da388242a6189dc1b35be1f4,684,2396.789783000713,2394.634477,1576,818.6344770000001,233193472,completed,True,6bc4c3f07d1121bdae17a72cfa52013477e42e4431c571188b32c184c07cc0fa
sequential,candidate,cube-binary.stl,22,57eb7cb449efb43ad80f696e74c3b9a448783498da388242a6189dc1b35be1f4,684,2123.9488889987115,2121.886457,1425,696.8864570000001,232751104,completed,True,6bc4c3f07d1121bdae17a72cfa52013477e42e4431c571188b32c184c07cc0fa
sequential,candidate,cube-binary.stl,23,57eb7cb449efb43ad80f696e74c3b9a448783498da388242a6189dc1b35be1f4,684,2190.8903500007,2188.868995,1500,688.8689949999998,232128512,completed,True,6bc4c3f07d1121bdae17a72cfa52013477e42e4431c571188b32c184c07cc0fa
sequential,candidate,cube-binary.stl,24,57eb7cb449efb43ad80f696e74c3b9a448783498da388242a6189dc1b35be1f4,684,1932.8525379969506,1930.888373,1351,579.888373,234844160,completed,True,6bc4c3f07d1121bdae17a72cfa52013477e42e4431c571188b32c184c07cc0fa
sequential,candidate,cube-binary.stl,25,57eb7cb449efb43ad80f696e74c3b9a448783498da388242a6189dc1b35be1f4,684,2076.127420994453,2074.308946,1499,575.3089460000001,232214528,completed,True,6bc4c3f07d1121bdae17a72cfa52013477e42e4431c571188b32c184c07cc0fa
sequential,candidate,cube-binary.stl,26,57eb7cb449efb43ad80f696e74c3b9a448783498da388242a6189dc1b35be1f4,684,1941.304786989349,1939.559261,1347,592.5592610000001,235089920,completed,True,6bc4c3f07d1121bdae17a72cfa52013477e42e4431c571188b32c184c07cc0fa
sequential,candidate,cube-binary.stl,27,57eb7cb449efb43ad80f696e74c3b9a448783498da388242a6189dc1b35be1f4,684,2038.751496002078,2036.825371,1409,627.8253709999999,235003904,completed,True,6bc4c3f07d1121bdae17a72cfa52013477e42e4431c571188b32c184c07cc0fa
sequential,candidate,cube-binary.stl,28,57eb7cb449efb43ad80f696e74c3b9a448783498da388242a6189dc1b35be1f4,684,2154.7810320043936,2152.765832,1506,646.765832,233402368,completed,True,6bc4c3f07d1121bdae17a72cfa52013477e42e4431c571188b32c184c07cc0fa
sequential,candidate,cube-binary.stl,29,57eb7cb449efb43ad80f696e74c3b9a448783498da388242a6189dc1b35be1f4,684,2151.8339099857258,2149.822293,1524,625.8222930000002,233099264,completed,True,6bc4c3f07d1121bdae17a72cfa52013477e42e4431c571188b32c184c07cc0fa
sequential,candidate,cube-binary.stl,30,57eb7cb449efb43ad80f696e74c3b9a448783498da388242a6189dc1b35be1f4,684,2233.5623010003474,2231.577833,1580,651.5778329999998,234991616,completed,True,6bc4c3f07d1121bdae17a72cfa52013477e42e4431c571188b32c184c07cc0fa
sequential,candidate,cube-mm.3mf,1,2c5266d3f9f5f0367994ac916f1934d5d212cf7d1adf24165c1d930f379121ca,1705,2304.660560999764,2302.475498,1642,660.4754979999998,234459136,completed,True,6bc4c3f07d1121bdae17a72cfa52013477e42e4431c571188b32c184c07cc0fa
sequential,candidate,cube-mm.3mf,2,2c5266d3f9f5f0367994ac916f1934d5d212cf7d1adf24165c1d930f379121ca,1705,2055.622953994316,2053.592229,1469,584.5922289999999,233250816,completed,True,6bc4c3f07d1121bdae17a72cfa52013477e42e4431c571188b32c184c07cc0fa
sequential,candidate,cube-mm.3mf,3,2c5266d3f9f5f0367994ac916f1934d5d212cf7d1adf24165c1d930f379121ca,1705,2136.39392699406,2134.343935,1523,611.3439349999999,234426368,completed,True,6bc4c3f07d1121bdae17a72cfa52013477e42e4431c571188b32c184c07cc0fa
sequential,candidate,cube-mm.3mf,4,2c5266d3f9f5f0367994ac916f1934d5d212cf7d1adf24165c1d930f379121ca,1705,2178.0225109978346,2175.955687,1595,580.9556870000001,236400640,completed,True,6bc4c3f07d1121bdae17a72cfa52013477e42e4431c571188b32c184c07cc0fa
sequential,candidate,cube-mm.3mf,5,2c5266d3f9f5f0367994ac916f1934d5d212cf7d1adf24165c1d930f379121ca,1705,2153.1159810110694,2151.126546,1543,608.126546,236306432,completed,True,6bc4c3f07d1121bdae17a72cfa52013477e42e4431c571188b32c184c07cc0fa
sequential,candidate,cube-mm.3mf,6,2c5266d3f9f5f0367994ac916f1934d5d212cf7d1adf24165c1d930f379121ca,1705,2128.4923769999295,2126.533649,1515,611.533649,236388352,completed,True,6bc4c3f07d1121bdae17a72cfa52013477e42e4431c571188b32c184c07cc0fa
sequential,candidate,cube-mm.3mf,7,2c5266d3f9f5f0367994ac916f1934d5d212cf7d1adf24165c1d930f379121ca,1705,2175.9511290001683,2173.368998,1563,610.3689979999999,236507136,completed,True,6bc4c3f07d1121bdae17a72cfa52013477e42e4431c571188b32c184c07cc0fa
sequential,candidate,cube-mm.3mf,8,2c5266d3f9f5f0367994ac916f1934d5d212cf7d1adf24165c1d930f379121ca,1705,1996.6829890036024,1994.623152,1418,576.6231519999999,234323968,completed,True,6bc4c3f07d1121bdae17a72cfa52013477e42e4431c571188b32c184c07cc0fa
sequential,candidate,cube-mm.3mf,9,2c5266d3f9f5f0367994ac916f1934d5d212cf7d1adf24165c1d930f379121ca,1705,2002.952141003334,2001.082619,1416,585.082619,235765760,completed,True,6bc4c3f07d1121bdae17a72cfa52013477e42e4431c571188b32c184c07cc0fa
sequential,candidate,cube-mm.3mf,10,2c5266d3f9f5f0367994ac916f1934d5d212cf7d1adf24165c1d930f379121ca,1705,1953.8524000090547,1951.91215,1401,550.9121500000001,236273664,completed,True,6bc4c3f07d1121bdae17a72cfa52013477e42e4431c571188b32c184c07cc0fa
sequential,candidate,cube-mm.3mf,11,2c5266d3f9f5f0367994ac916f1934d5d212cf7d1adf24165c1d930f379121ca,1705,1989.26581699925,1987.322201,1411,576.322201,234450944,completed,True,6bc4c3f07d1121bdae17a72cfa52013477e42e4431c571188b32c184c07cc0fa
sequential,candidate,cube-mm.3mf,12,2c5266d3f9f5f0367994ac916f1934d5d212cf7d1adf24165c1d930f379121ca,1705,1995.0386959972093,1992.992896,1418,574.992896,236232704,completed,True,6bc4c3f07d1121bdae17a72cfa52013477e42e4431c571188b32c184c07cc0fa
sequential,candidate,cube-mm.3mf,13,2c5266d3f9f5f0367994ac916f1934d5d212cf7d1adf24165c1d930f379121ca,1705,2009.4804920081515,2006.589022,1416,590.5890220000001,233349120,completed,True,6bc4c3f07d1121bdae17a72cfa52013477e42e4431c571188b32c184c07cc0fa
sequential,candidate,cube-mm.3mf,14,2c5266d3f9f5f0367994ac916f1934d5d212cf7d1adf24165c1d930f379121ca,1705,2059.9654289981117,2057.407316,1451,606.4073159999998,233365504,completed,True,6bc4c3f07d1121bdae17a72cfa52013477e42e4431c571188b32c184c07cc0fa
sequential,candidate,cube-mm.3mf,15,2c5266d3f9f5f0367994ac916f1934d5d212cf7d1adf24165c1d930f379121ca,1705,1993.9707059966167,1991.362251,1413,578.362251,236355584,completed,True,6bc4c3f07d1121bdae17a72cfa52013477e42e4431c571188b32c184c07cc0fa
sequential,candidate,cube-mm.3mf,16,2c5266d3f9f5f0367994ac916f1934d5d212cf7d1adf24165c1d930f379121ca,1705,2157.172677005292,2154.762029,1532,622.762029,234221568,completed,True,6bc4c3f07d1121bdae17a72cfa52013477e42e4431c571188b32c184c07cc0fa
sequential,candidate,cube-mm.3mf,17,2c5266d3f9f5f0367994ac916f1934d5d212cf7d1adf24165c1d930f379121ca,1705,2062.746042996878,2060.520699,1476,584.5206990000001,232734720,completed,True,6bc4c3f07d1121bdae17a72cfa52013477e42e4431c571188b32c184c07cc0fa
sequential,candidate,cube-mm.3mf,18,2c5266d3f9f5f0367994ac916f1934d5d212cf7d1adf24165c1d930f379121ca,1705,1979.0960169921163,1976.959629,1398,578.959629,233603072,completed,True,6bc4c3f07d1121bdae17a72cfa52013477e42e4431c571188b32c184c07cc0fa
sequential,candidate,cube-mm.3mf,19,2c5266d3f9f5f0367994ac916f1934d5d212cf7d1adf24165c1d930f379121ca,1705,1966.6872550005792,1964.477713,1402,562.477713,236531712,completed,True,6bc4c3f07d1121bdae17a72cfa52013477e42e4431c571188b32c184c07cc0fa
sequential,candidate,cube-mm.3mf,20,2c5266d3f9f5f0367994ac916f1934d5d212cf7d1adf24165c1d930f379121ca,1705,1954.080110997893,1951.893189,1398,553.8931889999999,236310528,completed,True,6bc4c3f07d1121bdae17a72cfa52013477e42e4431c571188b32c184c07cc0fa
sequential,candidate,cube-mm.3mf,21,2c5266d3f9f5f0367994ac916f1934d5d212cf7d1adf24165c1d930f379121ca,1705,1953.992629001732,1952.016986,1406,546.0169860000001,236441600,completed,True,6bc4c3f07d1121bdae17a72cfa52013477e42e4431c571188b32c184c07cc0fa
sequential,candidate,cube-mm.3mf,22,2c5266d3f9f5f0367994ac916f1934d5d212cf7d1adf24165c1d930f379121ca,1705,2003.3567619975656,2001.393051,1428,573.393051,233271296,completed,True,6bc4c3f07d1121bdae17a72cfa52013477e42e4431c571188b32c184c07cc0fa
sequential,candidate,cube-mm.3mf,23,2c5266d3f9f5f0367994ac916f1934d5d212cf7d1adf24165c1d930f379121ca,1705,1975.721679002163,1973.735347,1391,582.735347,236388352,completed,True,6bc4c3f07d1121bdae17a72cfa52013477e42e4431c571188b32c184c07cc0fa
sequential,candidate,cube-mm.3mf,24,2c5266d3f9f5f0367994ac916f1934d5d212cf7d1adf24165c1d930f379121ca,1705,1966.3770879997173,1964.414531,1410,554.4145309999999,234471424,completed,True,6bc4c3f07d1121bdae17a72cfa52013477e42e4431c571188b32c184c07cc0fa
sequential,candidate,cube-mm.3mf,25,2c5266d3f9f5f0367994ac916f1934d5d212cf7d1adf24165c1d930f379121ca,1705,2026.8356029991992,2024.893338,1437,587.8933380000001,234254336,completed,True,6bc4c3f07d1121bdae17a72cfa52013477e42e4431c571188b32c184c07cc0fa
sequential,candidate,cube-mm.3mf,26,2c5266d3f9f5f0367994ac916f1934d5d212cf7d1adf24165c1d930f379121ca,1705,1984.3873229983728,1982.329325,1406,576.3293249999999,236187648,completed,True,6bc4c3f07d1121bdae17a72cfa52013477e42e4431c571188b32c184c07cc0fa
sequential,candidate,cube-mm.3mf,27,2c5266d3f9f5f0367994ac916f1934d5d212cf7d1adf24165c1d930f379121ca,1705,2004.0574599988759,2001.818974,1421,580.818974,236146688,completed,True,6bc4c3f07d1121bdae17a72cfa52013477e42e4431c571188b32c184c07cc0fa
sequential,candidate,cube-mm.3mf,28,2c5266d3f9f5f0367994ac916f1934d5d212cf7d1adf24165c1d930f379121ca,1705,1998.3416109898826,1996.223482,1413,583.2234820000001,233607168,completed,True,6bc4c3f07d1121bdae17a72cfa52013477e42e4431c571188b32c184c07cc0fa
sequential,candidate,cube-mm.3mf,29,2c5266d3f9f5f0367994ac916f1934d5d212cf7d1adf24165c1d930f379121ca,1705,1998.4478400001535,1996.510434,1420,576.510434,233734144,completed,True,6bc4c3f07d1121bdae17a72cfa52013477e42e4431c571188b32c184c07cc0fa
sequential,candidate,cube-mm.3mf,30,2c5266d3f9f5f0367994ac916f1934d5d212cf7d1adf24165c1d930f379121ca,1705,1985.8600580046186,1983.195009,1407,576.195009,236285952,completed,True,6bc4c3f07d1121bdae17a72cfa52013477e42e4431c571188b32c184c07cc0fa
alternating,baseline,cube-binary.stl,1,57eb7cb449efb43ad80f696e74c3b9a448783498da388242a6189dc1b35be1f4,684,3370.1776750094723,3245.735525,1863,1382.735525,248381440,completed,True,6bc4c3f07d1121bdae17a72cfa52013477e42e4431c571188b32c184c07cc0fa
alternating,candidate,cube-binary.stl,1,57eb7cb449efb43ad80f696e74c3b9a448783498da388242a6189dc1b35be1f4,684,2553.732504005893,2551.130939,1718,833.1309390000001,235261952,completed,True,6bc4c3f07d1121bdae17a72cfa52013477e42e4431c571188b32c184c07cc0fa
alternating,baseline,cube-mm.3mf,1,2c5266d3f9f5f0367994ac916f1934d5d212cf7d1adf24165c1d930f379121ca,1705,2538.3815219975077,2535.959704,1549,986.9597039999999,251121664,completed,True,6bc4c3f07d1121bdae17a72cfa52013477e42e4431c571188b32c184c07cc0fa
alternating,candidate,cube-mm.3mf,1,2c5266d3f9f5f0367994ac916f1934d5d212cf7d1adf24165c1d930f379121ca,1705,2259.451400997932,2257.161292,1591,666.1612919999998,235999232,completed,True,6bc4c3f07d1121bdae17a72cfa52013477e42e4431c571188b32c184c07cc0fa
alternating,candidate,cube-mm.3mf,2,2c5266d3f9f5f0367994ac916f1934d5d212cf7d1adf24165c1d930f379121ca,1705,2090.5255179968663,2088.534389,1501,587.5343889999999,234147840,completed,True,6bc4c3f07d1121bdae17a72cfa52013477e42e4431c571188b32c184c07cc0fa
alternating,baseline,cube-mm.3mf,2,2c5266d3f9f5f0367994ac916f1934d5d212cf7d1adf24165c1d930f379121ca,1705,2399.4409820006695,2397.416271,1573,824.416271,248365056,completed,True,6bc4c3f07d1121bdae17a72cfa52013477e42e4431c571188b32c184c07cc0fa
alternating,candidate,cube-binary.stl,2,57eb7cb449efb43ad80f696e74c3b9a448783498da388242a6189dc1b35be1f4,684,2131.6274800046813,2129.686963,1458,671.6869630000001,232312832,completed,True,6bc4c3f07d1121bdae17a72cfa52013477e42e4431c571188b32c184c07cc0fa
alternating,baseline,cube-binary.stl,2,57eb7cb449efb43ad80f696e74c3b9a448783498da388242a6189dc1b35be1f4,684,2980.5330020026304,2978.626841,2067,911.6268409999998,247750656,completed,True,6bc4c3f07d1121bdae17a72cfa52013477e42e4431c571188b32c184c07cc0fa
alternating,baseline,cube-binary.stl,3,57eb7cb449efb43ad80f696e74c3b9a448783498da388242a6189dc1b35be1f4,684,2332.3091249912977,2330.298127,1470,860.298127,247701504,completed,True,6bc4c3f07d1121bdae17a72cfa52013477e42e4431c571188b32c184c07cc0fa
alternating,candidate,cube-binary.stl,3,57eb7cb449efb43ad80f696e74c3b9a448783498da388242a6189dc1b35be1f4,684,2170.3242960065836,2167.755372,1534,633.7553720000001,235261952,completed,True,6bc4c3f07d1121bdae17a72cfa52013477e42e4431c571188b32c184c07cc0fa
alternating,baseline,cube-mm.3mf,3,2c5266d3f9f5f0367994ac916f1934d5d212cf7d1adf24165c1d930f379121ca,1705,2393.7507579976227,2391.59984,1529,862.5998399999999,251011072,completed,True,6bc4c3f07d1121bdae17a72cfa52013477e42e4431c571188b32c184c07cc0fa
alternating,candidate,cube-mm.3mf,3,2c5266d3f9f5f0367994ac916f1934d5d212cf7d1adf24165c1d930f379121ca,1705,2777.7941469976213,2775.382771,1927,848.382771,234258432,completed,True,6bc4c3f07d1121bdae17a72cfa52013477e42e4431c571188b32c184c07cc0fa
alternating,candidate,cube-mm.3mf,4,2c5266d3f9f5f0367994ac916f1934d5d212cf7d1adf24165c1d930f379121ca,1705,2216.6369000042323,2213.678066,1503,710.678066,234475520,completed,True,6bc4c3f07d1121bdae17a72cfa52013477e42e4431c571188b32c184c07cc0fa
alternating,baseline,cube-mm.3mf,4,2c5266d3f9f5f0367994ac916f1934d5d212cf7d1adf24165c1d930f379121ca,1705,2475.546462999773,2473.690096,1561,912.6900959999998,251232256,completed,True,6bc4c3f07d1121bdae17a72cfa52013477e42e4431c571188b32c184c07cc0fa
alternating,candidate,cube-binary.stl,4,57eb7cb449efb43ad80f696e74c3b9a448783498da388242a6189dc1b35be1f4,684,2029.098608007189,2027.07749,1434,593.0774899999999,232316928,completed,True,6bc4c3f07d1121bdae17a72cfa52013477e42e4431c571188b32c184c07cc0fa
alternating,baseline,cube-binary.stl,4,57eb7cb449efb43ad80f696e74c3b9a448783498da388242a6189dc1b35be1f4,684,2412.5874799938174,2410.196954,1569,841.196954,247836672,completed,True,6bc4c3f07d1121bdae17a72cfa52013477e42e4431c571188b32c184c07cc0fa
alternating,baseline,cube-binary.stl,5,57eb7cb449efb43ad80f696e74c3b9a448783498da388242a6189dc1b35be1f4,684,2416.756122998777,2414.485268,1479,935.4852679999999,247640064,completed,True,6bc4c3f07d1121bdae17a72cfa52013477e42e4431c571188b32c184c07cc0fa
alternating,candidate,cube-binary.stl,5,57eb7cb449efb43ad80f696e74c3b9a448783498da388242a6189dc1b35be1f4,684,2252.6629560015863,2250.474591,1636,614.4745910000001,235061248,completed,True,6bc4c3f07d1121bdae17a72cfa52013477e42e4431c571188b32c184c07cc0fa
alternating,baseline,cube-mm.3mf,5,2c5266d3f9f5f0367994ac916f1934d5d212cf7d1adf24165c1d930f379121ca,1705,2689.0903570019873,2687.163579,1683,1004.163579,251129856,completed,True,6bc4c3f07d1121bdae17a72cfa52013477e42e4431c571188b32c184c07cc0fa
alternating,candidate,cube-mm.3mf,5,2c5266d3f9f5f0367994ac916f1934d5d212cf7d1adf24165c1d930f379121ca,1705,2155.741670008865,2153.787662,1552,601.7876620000002,236265472,completed,True,6bc4c3f07d1121bdae17a72cfa52013477e42e4431c571188b32c184c07cc0fa
alternating,candidate,cube-mm.3mf,6,2c5266d3f9f5f0367994ac916f1934d5d212cf7d1adf24165c1d930f379121ca,1705,2112.3298129969044,2110.333188,1503,607.3331880000001,342929408,completed,True,6bc4c3f07d1121bdae17a72cfa52013477e42e4431c571188b32c184c07cc0fa
alternating,baseline,cube-mm.3mf,6,2c5266d3f9f5f0367994ac916f1934d5d212cf7d1adf24165c1d930f379121ca,1705,2857.0712430082494,2855.020966,1654,1201.020966,251043840,completed,True,6bc4c3f07d1121bdae17a72cfa52013477e42e4431c571188b32c184c07cc0fa
alternating,candidate,cube-binary.stl,6,57eb7cb449efb43ad80f696e74c3b9a448783498da388242a6189dc1b35be1f4,684,1999.865411009523,1997.79366,1407,590.79366,232382464,completed,True,6bc4c3f07d1121bdae17a72cfa52013477e42e4431c571188b32c184c07cc0fa
alternating,baseline,cube-binary.stl,6,57eb7cb449efb43ad80f696e74c3b9a448783498da388242a6189dc1b35be1f4,684,2206.1439020035323,2204.200896,1397,807.2008959999998,246657024,completed,True,6bc4c3f07d1121bdae17a72cfa52013477e42e4431c571188b32c184c07cc0fa
alternating,baseline,cube-binary.stl,7,57eb7cb449efb43ad80f696e74c3b9a448783498da388242a6189dc1b35be1f4,684,2225.035656010732,2222.495609,1400,822.4956090000001,247988224,completed,True,6bc4c3f07d1121bdae17a72cfa52013477e42e4431c571188b32c184c07cc0fa
alternating,candidate,cube-binary.stl,7,57eb7cb449efb43ad80f696e74c3b9a448783498da388242a6189dc1b35be1f4,684,2001.7334799922537,1999.764312,1386,613.764312,232931328,completed,True,6bc4c3f07d1121bdae17a72cfa52013477e42e4431c571188b32c184c07cc0fa
alternating,baseline,cube-mm.3mf,7,2c5266d3f9f5f0367994ac916f1934d5d212cf7d1adf24165c1d930f379121ca,1705,2338.9192989998264,2336.645398,1497,839.6453980000001,251105280,completed,True,6bc4c3f07d1121bdae17a72cfa52013477e42e4431c571188b32c184c07cc0fa
alternating,candidate,cube-mm.3mf,7,2c5266d3f9f5f0367994ac916f1934d5d212cf7d1adf24165c1d930f379121ca,1705,2045.223409004393,2043.114382,1437,606.114382,236195840,completed,True,6bc4c3f07d1121bdae17a72cfa52013477e42e4431c571188b32c184c07cc0fa
alternating,candidate,cube-mm.3mf,8,2c5266d3f9f5f0367994ac916f1934d5d212cf7d1adf24165c1d930f379121ca,1705,2144.5421550015453,2142.451219,1529,613.451219,236421120,completed,True,6bc4c3f07d1121bdae17a72cfa52013477e42e4431c571188b32c184c07cc0fa
alternating,baseline,cube-mm.3mf,8,2c5266d3f9f5f0367994ac916f1934d5d212cf7d1adf24165c1d930f379121ca,1705,2277.778212999692,2275.883393,1441,834.8833930000001,251224064,completed,True,6bc4c3f07d1121bdae17a72cfa52013477e42e4431c571188b32c184c07cc0fa
alternating,candidate,cube-binary.stl,8,57eb7cb449efb43ad80f696e74c3b9a448783498da388242a6189dc1b35be1f4,684,2021.6548700118437,2019.736559,1439,580.7365589999999,235307008,completed,True,6bc4c3f07d1121bdae17a72cfa52013477e42e4431c571188b32c184c07cc0fa
alternating,baseline,cube-binary.stl,8,57eb7cb449efb43ad80f696e74c3b9a448783498da388242a6189dc1b35be1f4,684,2261.1775969999144,2259.266991,1411,848.266991,249884672,completed,True,6bc4c3f07d1121bdae17a72cfa52013477e42e4431c571188b32c184c07cc0fa
alternating,baseline,cube-binary.stl,9,57eb7cb449efb43ad80f696e74c3b9a448783498da388242a6189dc1b35be1f4,684,2266.8159669992747,2264.852637,1434,830.852637,247906304,completed,True,6bc4c3f07d1121bdae17a72cfa52013477e42e4431c571188b32c184c07cc0fa
alternating,candidate,cube-binary.stl,9,57eb7cb449efb43ad80f696e74c3b9a448783498da388242a6189dc1b35be1f4,684,2061.153636997915,2059.175492,1450,609.1754919999998,232210432,completed,True,6bc4c3f07d1121bdae17a72cfa52013477e42e4431c571188b32c184c07cc0fa
alternating,baseline,cube-mm.3mf,9,2c5266d3f9f5f0367994ac916f1934d5d212cf7d1adf24165c1d930f379121ca,1705,2427.674977996503,2425.611597,1552,873.6115970000001,251187200,completed,True,6bc4c3f07d1121bdae17a72cfa52013477e42e4431c571188b32c184c07cc0fa
alternating,candidate,cube-mm.3mf,9,2c5266d3f9f5f0367994ac916f1934d5d212cf7d1adf24165c1d930f379121ca,1705,2370.217028001207,2368.04715,1674,694.0471499999999,233439232,completed,True,6bc4c3f07d1121bdae17a72cfa52013477e42e4431c571188b32c184c07cc0fa
alternating,candidate,cube-mm.3mf,10,2c5266d3f9f5f0367994ac916f1934d5d212cf7d1adf24165c1d930f379121ca,1705,2187.234298995463,2185.265502,1530,655.2655020000002,236265472,completed,True,6bc4c3f07d1121bdae17a72cfa52013477e42e4431c571188b32c184c07cc0fa
alternating,baseline,cube-mm.3mf,10,2c5266d3f9f5f0367994ac916f1934d5d212cf7d1adf24165c1d930f379121ca,1705,2379.5852770126658,2377.555134,1516,861.5551340000002,250654720,completed,True,6bc4c3f07d1121bdae17a72cfa52013477e42e4431c571188b32c184c07cc0fa
alternating,candidate,cube-binary.stl,10,57eb7cb449efb43ad80f696e74c3b9a448783498da388242a6189dc1b35be1f4,684,2062.6264680031454,2060.660367,1438,622.660367,233021440,completed,True,6bc4c3f07d1121bdae17a72cfa52013477e42e4431c571188b32c184c07cc0fa
alternating,baseline,cube-binary.stl,10,57eb7cb449efb43ad80f696e74c3b9a448783498da388242a6189dc1b35be1f4,684,2258.9372789952904,2256.459912,1407,849.4599119999998,246878208,completed,True,6bc4c3f07d1121bdae17a72cfa52013477e42e4431c571188b32c184c07cc0fa
