mode,trial,method,status,derived_full_cold_source_visual_ms,retained_geometry_visual_ms,context_ms,rss_high_water_bytes
cpu,0,cpu,completed,2043.8065249909414,1295.932406996144,0.0,235347968
cpu,1,cpu,completed,1824.8737459944095,1076.9996279996121,0.0,243105792
cpu,2,cpu,completed,1965.707797993673,1217.8336799988756,0.0,244166656
cpu,3,cpu,completed,1955.6286329898285,1207.754514995031,0.0,244834304
cpu,4,cpu,completed,1939.7779889841331,1191.9038709893357,0.0,244842496
cpu,5,cpu,completed,1944.2354390048422,1196.3613210100448,0.0,244854784
cpu,6,cpu,completed,1796.344078000402,1048.4699600056047,0.0,244854784
cpu,7,cpu,completed,1975.8678450016305,1227.993727006833,0.0,245526528
cpu,8,cpu,completed,1788.3687049907167,1040.4945869959192,0.0,245526528
cpu,9,cpu,completed,1807.0497360022273,1059.1756180074299,0.0,245665792
cpu,10,cpu,completed,1785.833666988765,1037.9595489939675,0.0,248160256
cpu,11,cpu,completed,1808.5041229933267,1060.6300049985293,0.0,248164352
cpu,12,cpu,completed,1803.5378329950618,1055.6637150002643,0.0,248164352
cpu,13,cpu,completed,1850.7304369995836,1102.8563190047862,0.0,248164352
cpu,14,cpu,completed,1782.7283710066695,1034.854253011872,0.0,248164352
cpu,15,cpu,completed,1798.5634229989955,1050.689305004198,0.0,248164352
cpu,16,cpu,completed,1780.5882370012114,1032.714119006414,0.0,248164352
cpu,17,cpu,completed,1783.0467789899558,1035.1726609951584,0.0,248164352
cpu,18,cpu,completed,1804.0413709968561,1056.1672530020587,0.0,248164352
cpu,19,cpu,completed,1865.5073769914452,1117.6332589966478,0.0,248164352
cpu,20,cpu,completed,1864.8657360026846,1116.9916180078872,0.0,248164352
cpu,21,cpu,completed,1837.7411349938484,1089.867016999051,0.0,248164352
cpu,22,cpu,completed,1815.7334619900212,1067.8593439952238,0.0,248164352
cpu,23,cpu,completed,1797.00320099073,1049.1290829959325,0.0,248164352
cpu,24,cpu,completed,1794.0736449963879,1046.1995270015905,0.0,248164352
cpu,25,cpu,completed,1803.2465569849592,1055.3724389901618,0.0,248164352
cpu,26,cpu,completed,1791.097067994997,1043.2229500001995,0.0,248164352
cpu,27,cpu,completed,1795.2059229864972,1047.3318049916998,0.0,248164352
cpu,28,cpu,completed,1799.208150987397,1051.3340329925995,0.0,248164352
cpu,29,cpu,completed,1797.4316859908868,1049.5575679960893,0.0,248164352
cold,0,cpu,completed,1801.5396099945065,1106.6368669999065,0.0,235769856
cold,1,cpu,completed,1786.214919993654,1091.312176999054,0.0,413306880
cold,2,cpu,completed,1762.4517270014621,1067.5489840068622,0.0,414887936
cold,3,cpu,completed,1807.5396390049718,1112.6368960103719,0.0,417873920
cold,4,cpu,completed,1715.0209050014382,1020.1181620068382,0.0,417873920
cold,5,cpu,completed,1756.5590939921094,1061.6563509975094,0.0,417873920
cold,6,cpu,completed,1728.9973900042241,1034.0946470096242,0.0,418271232
cold,7,cpu,completed,1705.2636849839473,1010.3609419893473,0.0,418271232
cold,8,cpu,completed,1742.0734419865767,1047.1706989919767,0.0,418271232
cold,9,cpu,completed,1702.3132080066716,1007.4104650120717,0.0,418271232
cold,10,cpu,completed,1712.0130510011222,1017.1103080065222,0.0,418271232
cold,11,cpu,completed,1723.6586419894593,1028.7558989948593,0.0,419401728
cold,12,cpu,completed,1694.4020219962113,999.4992790016113,0.0,419401728
cold,13,cpu,completed,1768.4890270029427,1073.5862840083428,0.0,419401728
cold,14,cpu,completed,1779.4893760001287,1084.5866330055287,0.0,419401728
cold,15,cpu,completed,1693.5773919976782,998.6746490030782,0.0,419401728
cold,16,cpu,completed,1681.9350229925476,987.0322799979476,0.0,419401728
cold,17,cpu,completed,1696.6969009954482,1001.7941580008483,0.0,419401728
cold,18,cpu,completed,1720.6375020032283,1025.7347590086283,0.0,419401728
cold,19,cpu,completed,1698.2432560034795,1003.3405130088795,0.0,419401728
cold,20,cpu,completed,1708.1572679890087,1013.2545249944087,0.0,419401728
cold,21,cpu,completed,1685.090086000855,990.1873430062551,0.0,419401728
cold,22,cpu,completed,1687.5718660012353,992.6691230066353,0.0,419401728
cold,23,cpu,completed,1702.5859789864626,1007.6832359918626,0.0,419401728
cold,24,cpu,completed,1693.7327630002983,998.8300200056983,0.0,419401728
cold,25,cpu,completed,1677.879007998854,982.976265004254,0.0,419401728
cold,26,cpu,completed,1686.5433970087906,991.6406540141907,0.0,419401728
cold,27,cpu,completed,1695.8078040042892,1000.9050610096892,0.0,419401728
cold,28,cpu,completed,1796.0032150003826,1101.1004720057826,0.0,419401728
cold,29,cpu,completed,1752.0422819943633,1057.1395389997633,0.0,419401728
cold,0,gpu,completed,1487.3931170004653,790.2229630126385,310.7472000119742,385388544
cold,1,gpu,completed,1190.7263579923892,493.55620400456246,51.086991996271536,389451776
cold,2,gpu,completed,1200.8336989820236,503.66354499419685,53.38102299720049,414887936
cold,3,gpu,completed,1203.3215849805856,506.15143099275883,54.10963899339549,414887936
cold,4,gpu,completed,1201.4532249886543,504.2830710008275,54.49841299559921,417873920
cold,5,gpu,completed,1208.592389986734,511.4222359989071,52.81973800447304,417873920
cold,6,gpu,completed,1218.3918949885992,521.2217410007725,55.49423799675424,418271232
cold,7,gpu,completed,1196.6342859959695,499.46413200814277,50.79141700116452,418271232
cold,8,gpu,completed,1200.7917459995952,503.62159201176837,54.05197000072803,418271232
cold,9,gpu,completed,1199.9313299893402,502.7611760015134,53.60159600968473,418271232
cold,10,gpu,completed,1205.9580809873296,508.7879269995028,54.60355698596686,418271232
cold,11,gpu,completed,1202.843106992077,505.6729530042503,57.601376000093296,418271232
cold,12,gpu,completed,1208.9659319753991,511.79577798757236,57.40218999562785,419401728
cold,13,gpu,completed,1203.5132339806296,506.3430799928028,55.85249199066311,419401728
cold,14,gpu,completed,1214.9443800008157,517.774226012989,58.23498000972904,419401728
cold,15,gpu,completed,1203.7475949910004,506.5774410031736,54.65169400849845,419401728
cold,16,gpu,completed,1213.613104991964,516.4429510041373,57.714414011570625,419401728
cold,17,gpu,completed,1199.2712529900018,502.10109900217503,55.07653900713194,419401728
cold,18,gpu,completed,1225.4366729757749,528.2665189879481,53.308935996028595,419401728
cold,19,gpu,completed,1219.2483799881302,522.0782260003034,57.888975003152154,419401728
cold,20,gpu,completed,1216.8771699798526,519.7070159920258,55.58436799037736,419401728
cold,21,gpu,completed,1207.5867659877986,510.4166119999718,56.97409999265801,419401728
cold,22,gpu,completed,1214.3587619939353,517.1886080061086,56.825911000487395,419401728
cold,23,gpu,completed,1202.3035339807393,505.1333799929125,56.48989799374249,419401728
cold,24,gpu,completed,1204.2961069964804,507.1259530086536,55.835238003055565,419401728
cold,25,gpu,completed,1207.3515089869034,510.1813549990766,54.89416899217758,419401728
cold,26,gpu,completed,1202.9717229888774,505.80156900105067,55.88753000483848,419401728
cold,27,gpu,completed,1204.3247959954897,507.1546420076629,58.58340999111533,419401728
cold,28,gpu,completed,1235.08475998824,537.9146060004132,59.42783900536597,419401728
cold,29,gpu,completed,1242.9625199874863,545.7923659996595,59.219201997620985,419401728
reused,0,cpu,completed,1940.4970289906487,1218.9335159928305,0.0,236613632
reused,1,cpu,completed,1891.8838899990078,1170.3203770011896,0.0,413642752
reused,2,cpu,completed,1762.0998960046563,1040.5363830068382,0.0,413642752
reused,3,cpu,completed,1720.6366379978135,999.0731249999953,0.0,413642752
reused,4,cpu,completed,1702.6769549993332,981.1134420015151,0.0,413642752
reused,5,cpu,completed,1776.8567229941254,1055.2932099963073,0.0,414486528
reused,6,cpu,completed,1734.234096002183,1012.6705830043647,0.0,414486528
reused,7,cpu,completed,1732.0830300013768,1010.5195170035586,0.0,414941184
reused,8,cpu,completed,1713.4522349952022,991.888721997384,0.0,414941184
reused,9,cpu,completed,1722.1274269977584,1000.5639139999403,0.0,415895552
reused,10,cpu,completed,1733.9194429951021,1012.355929997284,0.0,415895552
reused,11,cpu,completed,1738.1037400045898,1016.5402270067716,0.0,415895552
reused,12,cpu,completed,1732.0089220011141,1010.4454090032959,0.0,415895552
reused,13,cpu,completed,1731.980761003797,1010.4172480059788,0.0,415895552
reused,14,cpu,completed,1704.9809040036052,983.4173910057871,0.0,415895552
reused,15,cpu,completed,1716.133099005674,994.5695860078558,0.0,415895552
reused,16,cpu,completed,1717.8458099951968,996.2822969973786,0.0,415895552
reused,17,cpu,completed,1739.341508000507,1017.7779950026888,0.0,415961088
reused,18,cpu,completed,1721.26708299038,999.7035699925618,0.0,415961088
reused,19,cpu,completed,1734.810212001321,1013.2466990035027,0.0,415961088
reused,20,cpu,completed,1708.594608004205,987.0310950063867,0.0,415961088
reused,21,cpu,completed,1727.065836006659,1005.5023230088409,0.0,415961088
reused,22,cpu,completed,1710.2930920082144,988.7295790103963,0.0,415961088
reused,23,cpu,completed,1720.8275089942617,999.2639959964436,0.0,417173504
reused,24,cpu,completed,1780.816140002571,1059.2526270047529,0.0,417173504
reused,25,cpu,completed,1721.9886719976785,1000.4251589998603,0.0,417308672
reused,26,cpu,completed,1702.520127990283,980.9566149924649,0.0,417308672
reused,27,cpu,completed,1728.3720380073646,1006.8085250095464,0.0,417308672
reused,28,cpu,completed,1702.322073004325,980.7585600065067,0.0,417308672
reused,29,cpu,completed,1747.2588200034807,1025.6953070056625,0.0,417308672
reused,0,gpu,completed,1532.6306099887006,808.6186720029218,319.6686139999656,383422464
reused,1,gpu,completed,1161.293246987043,437.28130900126416,0.0,397000704
reused,2,gpu,completed,1144.5151989755686,420.50326098978985,0.0,413642752
reused,3,gpu,completed,1142.3121199914021,418.30018200562336,0.0,413642752
reused,4,gpu,completed,1150.1734299818054,426.1614919960266,0.0,413642752
reused,5,gpu,completed,1151.7735129746143,427.7615749888355,0.0,413642752
reused,6,gpu,completed,1223.0735069897491,499.06156900397036,0.0,414486528
reused,7,gpu,completed,1147.9281099746004,423.9161719888216,0.0,414486528
reused,8,gpu,completed,1151.493840981857,427.48190299607813,0.0,414941184
reused,9,gpu,completed,1143.7449639779516,419.73302599217277,0.0,414941184
reused,10,gpu,completed,1153.580903992406,429.5689660066273,0.0,415895552
reused,11,gpu,completed,1171.980048995465,447.96811100968625,0.0,415895552
reused,12,gpu,completed,1154.953734978335,430.9417969925562,0.0,415895552
reused,13,gpu,completed,1145.6747589836596,421.6628209978808,0.0,415895552
reused,14,gpu,completed,1150.036070976057,426.0241329902783,0.0,415895552
reused,15,gpu,completed,1156.909460987663,432.8975230018841,0.0,415895552
reused,16,gpu,completed,1182.738856994547,458.72691900876816,0.0,415895552
reused,17,gpu,completed,1191.3265889888862,467.31465100310743,0.0,415895552
reused,18,gpu,completed,1153.7331439758418,429.721205990063,0.0,415961088
reused,19,gpu,completed,1143.1701869878452,419.15824900206644,0.0,415961088
reused,20,gpu,completed,1154.5757609856082,430.5638229998294,0.0,415961088
reused,21,gpu,completed,1154.2193569912342,430.20741900545545,0.0,415961088
reused,22,gpu,completed,1161.291636992246,437.2796990064671,0.0,415961088
reused,23,gpu,completed,1148.800589988241,424.7886520024622,0.0,415961088
reused,24,gpu,completed,1153.0072729947278,428.99533500894904,0.0,417173504
reused,25,gpu,completed,1145.2543209888972,421.24238300311845,0.0,417173504
reused,26,gpu,completed,1154.1552819835488,430.14334399777,0.0,417308672
reused,27,gpu,completed,1149.2025589832338,425.19062099745497,0.0,417308672
reused,28,gpu,completed,1185.440066983574,461.4281289977953,0.0,417308672
reused,29,gpu,completed,1143.7197439809097,419.7078059951309,0.0,417308672
